T,ID
Carbonic anhydrase 15,56934
Serine/threonine-protein kinase AKT2,208
Protein arginine N-methyltransferase 3,90826
Voltage-gated T-type calcium channel alpha-1I subunit,8911
Tyrosine 3-hydroxylase,7054
Caspase-8,841
Pyrimidinergic receptor P2Y6,5031
DNA (cytosine-5)-methyltransferase 3A,1788
Proto-oncogene tyrosine-protein kinase ROS,6098
Vascular endothelial growth factor receptor,3791
Heat shock protein HSP 90-alpha,3320
Nonstructural protein 1,55773
Glycine receptor,2741
Matrix metalloproteinase 14,4323
Iron,150274
Mast/stem cell growth factor receptor Kit,3815
Protein phosphatase 2C beta,5495
Cytochrome c oxidase subunit 2,1347
Serotonin 4 (5-HT4) receptor,3360
20S proteasome,5693
Ephrin receptor,1948
Aldehyde dehydrogenase 1A1,216
Neurotensin receptor 1,4923
Caspase,440068
Catenin beta-1,1499
Mitogen-activated protein kinase kinase kinase 7,51776
Sialidase 3,4758
Muscarinic acetylcholine receptor M4,1132
Serotonin 7 (5-HT7) receptor,3363
Nuclear receptor ROR-alpha,6095
Tyrosine kinase non-receptor protein 2,10188
Immunoglobulin epsilon Fc receptor,2208
"Fatty acid-binding protein, liver",2168
STE20/SPS1-related proline-alanine-rich protein kinase,27347
Inhibitor of nuclear factor kappa B kinase epsilon subunit,9641
Casein kinase I gamma 2,1455
Redox-regulatory protein FAM213A,84293
Casein kinase I isoform gamma-3,1456
Phosphodiesterase 11A,50940
MAP/microtubule affinity-regulating kinase 4,57787
Tyrosine-protein kinase receptor RET,5979
Cyclin-dependent kinase 4,23552
Dipeptidyl peptidase 9,57628
Sn1-specific diacylglycerol lipase alpha,747
Arachidonate 5-lipoxygenase-activating protein,241
Death-associated protein kinase 3,1613
Muscarinic acetylcholine receptor M3,1131
Tyrosine-protein kinase FRK,2444
Lysosomal Pro-X carboxypeptidase,5547
Beta-2 adrenergic receptor,154
Enoyl-acyl-carrier protein reductase,51102
DNA gyrase,7153
Epithelial discoidin domain-containing receptor 1,780
Serotonin 1a (5-HT1a) receptor,3350
HERG,3757
Folate receptor alpha,2348
"AMP-activated protein kinase, alpha-1 subunit",5562
Protein S100-A4,6275
Aldo-keto-reductase family 1 member C3,8644
Macrophage colony-stimulating factor 1 receptor,1438
Dickkopf-related protein 1,27122
Casein kinase I gamma 1,1455
Ribosomal protein S6 kinase,6195
Estradiol 17-beta-dehydrogenase 1,3293
Serine/threonine-protein kinase NEK6,10783
Cholesteryl ester transfer protein,1071
Nuclear receptor ROR-gamma,6097
Nuclear receptor subfamily 4 group A member 1,2908
Serine/threonine-protein kinase 36,27148
Cathepsin B,1522
Cell membrane,5167
DNA,54107
Protein-tyrosine phosphatase LC-PTP,5778
Non-receptor tyrosine-protein kinase TNK1,8711
Nuclear receptor subfamily 1 group D member 1,2908
Ectonucleotide pyrophosphatase/phosphodiesterase family member 2,59084
Caspase-7,840
Leukotriene B4 receptor 1,1241
Phosphodiesterase 1,5137
Hypoxia-inducible factor prolyl hydroxylase,112398
Smoothened homolog,6608
Tyrosine-protein kinase BRK,5753
CREB-binding protein,1387
Alpha-2c adrenergic receptor,152
Thromboxane A2 receptor,6915
Sphingosine kinase 1,8877
Phosphatidylinositol-4-phosphate 5-kinase type-1 gamma,23396
Neuropeptide S receptor,84109
Proteasome subunit beta type-8,5696
Cannabinoid receptor,1268
Serine/threonine-protein kinase 32B,55351
Glutathione transferase omega 1,119391
Histidine-rich protein,26973
Jak1 protein,3716
Mitogen-activated protein kinase kinase kinase kinase 3,51776
Monocarboxylate transporter 1,9121
Proteasome subunit beta type-10,5699
Cathepsin L,1522
Calcium sensing receptor,846
PI3-kinase p110-delta subunit,5293
Serotonin 2c (5-HT2c) receptor,3358
Serine/threonine-protein kinase SMG1,23049
Cathepsin L2,1515
Bone morphogenetic protein receptor type-1B,658
Vitamin K epoxide reductase complex subunit 1,79001
Leukocyte common antigen,5792
Tyrosine-protein kinase BLK,640
Phosphodiesterase 5A,8654
Heat shock protein 90 beta,7184
GABA transporter 2,6540
Tyrosine-protein kinase receptor UFO,558
cAMP-dependent protein kinase A,5573
Group X secretory phospholipase A2,81579
Tyrosine-protein kinase TYK2,7297
78 kDa glucose-regulated protein,3309
Peroxisome proliferator-activated receptor gamma,5468
Fatty acid synthase,2194
ADAM17,6868
Hepatocyte growth factor,3082
Voltage-gated L-type calcium channel alpha-1S subunit,779
Sodium channel protein type IX alpha subunit,6335
Fibroblast growth factor receptor 3,2260
Kinesin-like protein 1,3832
Serum albumin,213
Cyclin-dependent kinase-like 5,8814
Beta secretase 2,23621
Bifunctional protein NCOAT,10724
Serine/threonine-protein kinase PLK2,10769
Serotonin (5-HT) receptor,3358
Ribosomal protein S6 kinase alpha 6,6195
Carbonic anhydrase V,760
G1/S-specific cyclin D1,595
Butyrophilin subfamily 3 member A1,696
Matrix metalloproteinase 16,4325
HIV-1 protease,55432
Poly [ADP-ribose] polymerase 12,64761
Platelet-derived growth factor receptor beta,5159
Uncharacterized aarF domain-containing protein kinase 4,90956
Beta tubulin,260334
Carbonic anhydrase II,760
Adenosine A2b receptor,136
Mitogen-activated protein kinase kinase kinase 9,51776
Interleukin-6,3570
Pyruvate kinase isozymes M1/M2,5315
Bile salt export pump,8647
Ghrelin receptor,2693
Solute carrier organic anion transporter family member 4C1,353189
Serine/threonine-protein kinase 25,10494
myosin light chain kinase 2,4638
Matrix metalloproteinase 13,4322
Cyclin A2,890
"PARP 1, 2 and 3",142
Bile acid receptor,151306
PAS domain-containing serine/threonine-protein kinase,23178
Prostanoid IP receptor,5739
Low affinity sodium-glucose cotransporter,6527
Liver X receptor,3791
Serine/threonine-protein kinase c-TAK1,4140
Proteasome Macropain subunit MB1,5693
Geranylgeranyl transferase type I,5229
Lysine-specific histone demethylase 1,80853
Prostaglandin G/H synthase (cyclooxygenase),5743
Carbonic anhydrase XII,771
Serine/threonine-protein kinase DCLK2,166614
Geminin,51053
Cytochrome P450 3A4,1576
Activin receptor type-1B,91
Nucleotide-binding oligomerization domain-containing protein 1,64127
Phospholipase A2 group V,81579
Cathepsin E,1522
Inhibitor of NF-kappa-B kinase (IKK),8517
Proteinase-activated receptor 1,2149
Integrin alpha-L,3683
Serine/threonine-protein kinase RIO2,55781
PITSLRE serine/threonine-protein kinase CDC2L1,984
Mitogen-activated protein kinase kinase kinase 10,4294
Dopamine D4 receptor,1815
Interleukin-1 receptor-associated kinase 4,11213
RNA-directed RNA polymerase,5430
TNF-alpha,79626
Tyrosine-protein kinase BTK,695
Cyclin-dependent kinase 1/cyclin B,8814
Dual specificity mitogen-activated protein kinase kinase 1,5608
Selectin E,6401
Serine/threonine-protein kinase Aurora,9212
Rho-associated protein kinase 2,9475
Protein kinase C eta,5583
Opioid receptor,4986
Estradiol 17-beta-dehydrogenase 3,3293
Coagulation factor III,2152
FAD-linked sulfhydryl oxidase ALR,2671
Aryl hydrocarbon receptor,196
Protein farnesyltransferase,2342
Dual specificity mitogen-activated protein kinase kinase 4,5608
Acetylcholinesterase,8292
Vascular endothelial growth factor receptor 3,3791
NAD-dependent deacetylase sirtuin 1,22933
Glucose-6-phosphate 1-dehydrogenase,2539
Histone deacetylase 4,9734
Hemagglutinin,3200425
Serine/threonine-protein kinase PIM3,415116
Carbonyl reductase [NADPH] 1,873
Ephrin type-A receptor 2,285220
Potassium channel subfamily K member 9,8645
GABA receptor alpha-1 subunit,2554
Neuronal acetylcholine receptor,1141
Egl nine homolog 1,54583
Serine/threonine-protein kinase SRPK1,6732
Serine/threonine-protein kinase 12,9212
Metabotropic glutamate receptor 1,2912
Solute carrier family 22 member 3,6581
ADAMTS4,9507
Carbonic anhydrase IX,768
Serine/threonine-protein kinase MST4,51765
Sodium/potassium-transporting ATPase,79570
Cellular tumor antigen p53,7157
Proteasome component C5,5689
Serine/threonine-protein kinase 11,6794
Survival motor neuron protein,10285
"Carbamoyl-phosphate synthase [ammonia], mitochondrial",1373
Cytochrome P450 24A1,1591
"Histone-lysine N-methyltransferase, H3 lysine-9 specific 3",6839
Complement C1s,716
Phosphatidylinositol-4-phosphate 3-kinase C2 domain-containing beta polypeptide,5287
Histone-lysine N-methyltransferase MLL,4297
DNA-(apurinic or apyrimidinic site) lyase,328
Poly [ADP-ribose] polymerase 2,142
Chloride channel protein 2,1179
"Chaperone activity of bc1 complex-like, mitochondrial",56997
Prostaglandin E2 receptor,5731
Chromobox protein homolog 6,8535
Phosphorylase kinase gamma subunit 2,5261
Muscarinic receptor 2,1131
cAMP-dependent protein kinase alpha-catalytic subunit,5566
Protein kinase C zeta,7535
Carboxylesterase 2,147111
DNA repair protein RAD52 homolog,5893
Homeodomain-interacting protein kinase 2,204851
Dual specificity phosphatase Cdc25C,995
Sphingosine 1-phosphate receptor Edg-1,1901
FK506 binding protein 4,9049
Dopamine D3 receptor,1814
Solute carrier organic anion transporter family member 1B1,10599
Serine/threonine-protein kinase Aurora-C,6795
15-hydroxyprostaglandin dehydrogenase [NAD+],3248
Serine/threonine-protein kinase SIK2,23235
Cytochrome P450 17A1,1586
Serine/threonine-protein kinase AKT3,10000
Voltage-gated T-type calcium channel,8912
Nuclear receptor subfamily 1 group I member 2,2908
Sterol 14-alpha demethylase,1595
Poly [ADP-ribose] polymerase 4,142
Alcohol dehydrogenase class I,131
Serine/threonine-protein kinase haspin,83903
Voltage-gated L-type calcium channel alpha-1D subunit,776
Chitinase,1116
Sodium/glucose cotransporter 2,115584
Microtubule-associated protein tau,4137
Cyclin-dependent kinase 6,23552
CaM kinase II,815
Tyrosyl-DNA phosphodiesterase 2,51567
Serotonin 2 (5-HT2) receptor,3356
NUAK family SNF1-like kinase 1,81788
Niemann-Pick C1-like protein 1,29881
NADPH oxidase 1,27035
Thioredoxin glutathione reductase,114112
Lethal(3)malignant brain tumor-like protein 1,26013
Cyclin-dependent kinase 1,23552
Heterogeneous nuclear ribonucleoprotein A1,3178
Endothelin receptor ET-A,1909
"Heat shock protein 75 kDa, mitochondrial",10131
CaM kinase II alpha,815
Cyclin-dependent kinase-like 1,8814
Bcl-2-related protein A1,597
CDK1/Cyclin E,983
Serine/threonine-protein kinase 24,8428
Citron Rho-interacting kinase,11113
Cystine/glutamate transporter,23657
Arachidonate 5-lipoxygenase,240
Cytochrome P450 11B1,1584
CaM kinase I delta,817
Homeodomain-interacting protein kinase 1,204851
Phosphodiesterase 3A,5139
Isocitrate dehydrogenase [NADP] cytoplasmic,3417
Activin receptor type-2B,93
Casein kinase II,1457
Heat shock protein HSP90,3320
Neurotrophic tyrosine kinase receptor,4916
Lysine-specific demethylase 5B,10765
Pre-mRNA-splicing factor 19,58506
"DNA topoisomerase I, mitochondrial",116447
Discoidin domain-containing receptor 2,4921
G protein-coupled receptor kinase 7,2868
Mitogen-activated protein kinase kinase kinase 6,51776
Protein kinase C delta,57118
Toll-like receptor 4,7099
"Voltage-gated potassium channel, KQT",9132
Fibroblast growth factor receptor 4,2260
Serine/threonine-protein kinase SRPK3,26576
Sarcoplasmic/endoplasmic reticulum calcium ATPase 1,489
Dihydroorotate dehydrogenase,1723
Caspase-3,836
Ankyrin repeat and protein kinase domain-containing protein 1,255239
Melatonin receptor 1B,4544
"Nitric-oxide synthase, brain",4842
Serine/threonine-protein kinase 32A,202374
BR serine/threonine-protein kinase 1,9024
Phosphodiesterase 7,5137
Carbonic anhydrase III,761
RNA-directed RNA polymerase L,5430
Dual specificity tyrosine-phosphorylation-regulated kinase 4,8444
FK506-binding protein 1A,2280
Nicotinamide phosphoribosyltransferase,10135
Ceramide glucosyltransferase,7357
Puromycin-sensitive aminopeptidase,9520
delta & kappa,39746
3-phosphoinositide dependent protein kinase-1,5170
"Indoleamine 2,3-dioxygenase",169355
Macrophage-expressed gene 1 protein,219972
GABA-A receptor,2563
Glutamate (NMDA) receptor subunit zeta 1,2902
Cysteinyl leukotriene receptor,10800
Solute carrier family 22 member 2,6581
LIM domain kinase 2,3984
Estrogen receptor,2099
Receptor-interacting serine/threonine-protein kinase 3,8737
Neurotensin receptor 2,4923
Nuclear receptor subfamily 0 group B member 1,2908
Myotonin-protein kinase,1760
Matrix metalloproteinase 8,64386
Sphingosine-1-phosphate receptor 1,1901
Myosin IIIA,53904
Leukotriene A4 hydrolase,4048
Phosphatidylinositol-5-phosphate 4-kinase type-2 beta,8396
Multidrug and toxin extrusion protein 1,55244
Nonstructural protein 5A,345757
Cystine,4693
Chromodomain Y-like protein,9425
M1 & M2,43154
Serine/threonine-protein kinase NIM1,167359
Niemann-Pick C1 protein,29881
Serine/threonine-protein kinase tousled-like 2,9874
Alpha glucosidase,2548
Hydroxycarboxylic acid receptor 2,8843
Gamma-butyrobetaine dioxygenase,8424
Glutamine,7052
Prostanoid EP4 receptor,5734
PI3-kinase class I,5289
Retinoid X receptor alpha,6256
Sialidase,4758
FK506-binding protein 1B,2281
Glycogen synthase kinase-3 beta,51199
"NACHT, LRR and PYD domains-containing protein 3",114548
Dual-specificity tyrosine-phosphorylation regulated kinase 3,8444
Solute carrier family 22 member 11,55867
Interleukin-8,3577
S-100 protein beta chain,6285
Casein kinase I isoform alpha-like,122011
Aldo-keto reductase family 1 member C1,1645
Orexin receptor,3061
P2X purinoceptor 7,9127
ADAMTS5,11096
11-beta-hydroxysteroid dehydrogenase 2,3291
Monoamine oxidase A,4128
Relaxin receptor 1,122042
Regulator of G-protein signaling 19,5999
Ubiquitin carboxyl-terminal hydrolase isozyme L3,7347
NT-3 growth factor receptor,4916
Neutrophil elastase,1991
Trypsin I,3700
C5a anaphylatoxin chemotactic receptor,27202
Tubulin polymerization-promoting protein,11076
Dual specificity protein kinase TTK,7272
Cyclophilin B,10283
G-protein coupled receptor 84,53831
Protein kinase C (PKC),5587
Serotonin 1e (5-HT1e) receptor,3354
Endothelin receptor,1909
Histamine H4 receptor,59340
Plasminogen,5340
Peptidyl-prolyl cis-trans isomerase FKBP1A,2280
Potassium channel subfamily K member 3,8645
Aldo-keto reductase family 1 member B10,57016
Anandamide amidohydrolase,2166
Serine/threonine-protein kinase MRCK gamma,55561
Nuclear receptor subfamily 1 group I member 3,2908
Cytochrome P450 2A13,1553
Myeloperoxidase,4353
Histone deacetylase 8,9734
Tyrosyl-DNA phosphodiesterase 1,51567
Signal transducer and activator of transcription 1-alpha/beta,6772
Proteinase-activated receptor 2,2149
Serine/threonine-protein kinase Aurora-A,6790
ULK3 kinase,25989
CaM kinase II delta,817
Proteasome Macropain subunit,5682
Vascular endothelial growth factor receptor 2,3791
Dopamine D1 receptor,1812
Voltage-gated L-type calcium channel,774
Adrenergic receptor beta,154
Neuraminidase,4758
Ephrin type-A receptor 3,285220
GABA receptor alpha-5 subunit,2558
MAP kinase-activated protein kinase 2,6196
Cyclooxygenase,5743
Lysyl oxidase homolog 3,4017
Serine/threonine-protein kinase PLK4,10733
Free fatty acid receptor 1,2867
Apoptosis regulator Bcl-X,598
Peripheral-type benzodiazepine receptor,9256
Tyrosine-protein kinase JAK3,3718
Dihydrofolate reductase,1719
Matrix metalloproteinase 17,4326
Hypoxia-inducible factor prolyl hydroxylase 1,112398
Non-lysosomal glucosylceramidase,57704
Glucocorticoid receptor,2908
Purinergic receptor P2Y11,5032
Neurokinin 2 receptor,6869
Ribosomal protein S6 kinase alpha 5,6195
Splicing factor 3B subunit 3,10262
Egl nine homolog 3,54583
Peripheral myelin protein 22,5376
Thrombopoietin,7066
Serine/threonine-protein kinase LATS1,9113
Amidophosphoribosyltransferase,5471
Cyclin-dependent kinase 2/cyclin A,1033
Protein-tyrosine phosphatase 1B,5770
L-lactate dehydrogenase B chain,3945
Retinoid X receptor,2649
Latent membrane protein 1,3783750
Voltage-gated T-type calcium channel alpha-1G subunit,8913
Serine/threonine-protein kinase RIO1,83732
Phosphodiesterase 8,5137
Inositol-1(or 4)-monophosphatase 1,3612
Max-like protein X,6945
G-protein coupled bile acid receptor 1,151306
Serine/threonine-protein kinase tousled-like 1,9874
Serine/threonine-protein kinase NEK2,4751
Glutamate [NMDA] receptor subunit epsilon 1,2904
Insulin-like growth factor I receptor,3482
Calpain 2,824
Somatostatin receptor,6755
Tyrosine-protein kinase JAK1,3716
Phosphodiesterase 4B,5142
Cytochrome P450 19A1,1588
Mitogen-activated protein kinase kinase kinase 13,9175
Bone morphogenetic protein receptor type-1A,657
C-C chemokine receptor type 2,3577
Type-1B angiotensin II receptor,185
Mitogen-activated protein kinase kinase kinase 15,389840
Beta-adrenergic receptor,156
Mitogen-activated protein kinase kinase kinase 1,51776
Canalicular multispecific organic anion transporter 1,8714
Serotonin transporter,6532
LIM domain kinase 1,3984
MAP kinase p38 gamma,6300
Tyrosine-protein kinase receptor Tie-1,7075
Mitogen-activated protein kinase kinase kinase 2,51776
Melatonin receptor 1A,4543
Ribonucleoside-diphosphate reductase RR1,6240
Delta opioid receptor,4985
Serine/threonine-protein kinase receptor R3,94
Vanilloid receptor,7442
Glutamate receptor ionotropic AMPA,2892
DNA topoisomerase II,7155
classical,22883
CDK12/Cyclin K,51755
M2 & M3,43155
N-lysine methyltransferase SETD8,387893
Dual specificity mitogen-activated protein kinase kinase 6,5608
Testis-specific serine/threonine-protein kinase 1,83942
Peroxisome proliferator activated receptor alpha,5465
Sodium/glucose cotransporter 1,115584
Tyrosine-protein kinase LCK,3932
Intercellular adhesion molecule-1,3383
Homeodomain-interacting protein kinase 4,204851
Ubiquitin carboxyl-terminal hydrolase 2,51377
Transitional endoplasmic reticulum ATPase,7415
Bromodomain adjacent to zinc finger domain protein 2B,29994
Sulfotransferase 1A1,6817
NADH-ubiquinone oxidoreductase chain 4,4731
Histone H1.0,3005
Cyclin-dependent kinase,23552
TGF-beta receptor type-1,7046
Succinate semialdehyde dehydrogenase,7915
"AMP-activated protein kinase, alpha-2 subunit",5563
C-X-C chemokine receptor type 3,3577
Cytochrome P450 1A2,1544
Serine/threonine-protein kinase PAK 1,57144
Histone deacetylase 2,9734
Arachidonate 15-lipoxygenase,247
Potassium-transporting ATPase,79570
ALK tyrosine kinase receptor,238
Alpha-1b adrenergic receptor,147
Tyrosine-protein kinase Srms,6725
Phosphodiesterase 6D,5147
Diamine oxidase,26
G protein-coupled receptor GPR35,2859
Histone deacetylase 3,9734
"3-beta-hydroxysteroid-delta(8),delta(7)-isomerase",10682
Carbonic anhydrase 1,760
Muscarinic acetylcholine receptor,1129
Death-associated protein kinase 2,1613
Death-associated protein kinase 1,1613
Glycine receptor subunit alpha-1,2741
Beta Lactamase,51110
Muscarinic acetylcholine receptor M1,1128
Steroid 5-alpha-reductase 2,6719
G-protein coupled estrogen receptor 1,2852
"Histone-lysine N-methyltransferase, H3 lysine-9 specific 5",6839
Opioid growth factor receptor-like protein 1,79627
3-oxoacyl-acyl-carrier protein reductase,2194
Cytochrome P450 2C19,1557
Fibroblast growth factor receptor 1,2260
Retinoic acid receptor alpha,5914
LXR-beta,7376
Purinergic receptor P2Y12,64805
Phospholipase A-2-activating protein,9373
Histone deacetylase 6,9734
Thrombopoietin receptor,4352
Neuronal acetylcholine receptor protein alpha-7 subunit,1139
Glutamine synthetase,51557
Signal transducer and activator of transcription 3,6772
Endoplasmic reticulum-associated amyloid beta-peptide-binding protein,3028
Phospholipase A2 group IIA,5320
Glycogen synthase kinase-3,2931
Protein kinase C mu,5587
Aldose reductase,57016
Serotonin 2a (5-HT2a) receptor,3356
Eukaryotic translation initiation factor 2-alpha kinase 4,27102
Fibroblast growth factor receptor,2260
Sn1-specific diacylglycerol lipase beta,221955
Histone-lysine N-methyltransferase EZH2,2146
Estrogen receptor alpha,2099
Tyrosine-protein kinase HCK,3055
Dual specificity mitogen-activated protein kinase kinase 7,5608
4-hydroxyphenylpyruvate dioxygenase,3242
Alpha-synuclein,6622
Carbonic anhydrase 2,760
Serine/threonine-protein kinase mTOR,2475
Mitogen-activated protein kinase 1,5597
Histone acetyltransferase p300,2033
MAP kinase-interacting serine/threonine-protein kinase MNK1,8569
Enoyl-[acyl-carrier-protein] reductase,51102
Tyrosine-protein kinase Lyn,4067
Interleukin-1 receptor-associated kinase 3,11213
Metabotropic glutamate receptor 4,2912
Dipeptidyl peptidase VIII,54878
WD repeat-containing protein 5,1762
PI3-kinase p110-beta subunit,5291
Inhibitor of apoptosis protein 3,331
Phosphodiesterase 10A,10846
Homeodomain-interacting protein kinase 3,204851
Bcl-2-like protein 1,10018
L-lactate dehydrogenase A chain,3945
Ephrin type-B receptor 1,2050
Renin,5972
Nuclear factor erythroid 2-related factor 2,9603
Protein BAT5,7920
Angiotensin-converting enzyme,59272
Voltage-dependent anion-selective channel protein 2,7416
Serine/threonine-protein kinase AKT,207
Vitamin D3 receptor,7421
Signal transducer and activator of transcription 6,6772
mu & delta,8907
C-C chemokine receptor type 1,3577
Dual specificity protein phosphatase 3,78986
Serine/threonine-protein kinase Nek1,4750
Adenosine deaminase,100
Estrogen-related receptor beta,2103
Peroxisome proliferator-activated receptor,5468
Reverse transcriptase,7015
"Phosphatidylinositol 3,4,5-trisphosphate 5-phosphatase 2",56623
Glycogen synthase kinase-3 alpha,11076
Transient receptor potential cation channel subfamily M member 8,59341
Neurokinin 1 receptor,6869
Cat eye syndrome critical region protein 2,27439
Proto-oncogene c-JUN,3725
Kelch-like ECH-associated protein 1,9817
Misshapen-like kinase 1,50488
DNA polymerase beta,27343
DNA (cytosine-5)-methyltransferase 1,1789
Inward rectifier potassium channel 2,3772
Casein kinase II alpha,1457
Intermediate conductance calcium-activated potassium channel protein 4,3783
Multidrug resistance-associated protein 4,3921
Phosphodiesterase 6A,5145
Aurora kinase A-interacting protein,54998
Lysine-specific demethylase 4C,23081
Serine/threonine-protein kinase PRP4 homolog,8899
Matrix metalloproteinase 15,4324
Period circadian protein homolog 2,5187
Nischarin,11188
Brain adenylate cyclase 1,114
Renal dipeptidase,1800
Dipeptidyl peptidase I,57628
Potassium channel subfamily K member 2,8645
"Phospholipase A2, membrane associated",5320
Nuclear receptor ROR-beta,6096
Angiotensin-converting enzyme-related carboxypeptidase,59272
Sodium channel protein type II alpha subunit,6326
Galanin receptor 3,2587
"Potassium channel, inwardly rectifying, subfamily J, member 11",3767
Carbonic anhydrase XIII,377677
Maternal embryonic leucine zipper kinase,9833
Dopamine receptor,1816
Lysosomal alpha-glucosidase,2548
Thrombin,2147
PI3-kinase subunit gamma/Phosphoinositide 3-kinase regulatory subunit 5,8503
Histone deacetylase 1,9734
Cytochrome P450 51,1595
RAS guanyl releasing protein 1,10125
Tubulin alpha chain,51807
Microphthalmia-associated transcription factor,4286
Retinoblastoma-associated protein,5925
Platelet-derived growth factor subunit B,5155
Mitogen-activated protein kinase kinase kinase kinase 2,51776
Thyroid hormone receptor alpha,7067
Beta amyloid A4 protein,351
Mixed lineage kinase 7,197259
Tyrosine-protein kinase receptor FLT3,2322
Glucagon receptor,2642
MAP kinase p38 beta,5600
Solute carrier family 22 member 6,6581
5-lipoxygenase activating protein,241
Mitogen-activated protein kinase kinase kinase kinase 1,51776
Glutamate [NMDA] receptor subunit epsilon 3,2904
Heat shock protein beta-1,3315
Epidermal growth factor receptor,1956
Tyrosine- and threonine-specific cdc2-inhibitory kinase,9088
Choline acetylase,1103
Matrix metalloproteinase 12,4321
Interleukin-8 receptor B,3579
Acid ceramidase,27163
Platelet-derived growth factor receptor,5156
Retinoid X receptor gamma,6258
PI3-kinase p110-alpha subunit,5290
Casein kinase I epsilon,1454
Serine/threonine-protein kinase TAO1,57551
Protein kinase C alpha,8476
Coagulation factor X,2157
Fibroblast activation protein alpha,2191
Norepinephrine transporter,6530
Cathepsin G,1522
Wee1-like protein kinase 2,7465
Cholinesterase,590
Bromodomain-containing protein 2,23774
TGF-beta receptor type II,7046
Cytochrome P450 2A6,1548
GABA B receptor,1622
Ribosomal protein S6 kinase alpha 4,6195
Sphingosine 1-phosphate receptor,1901
Alpha-2 adrenergic receptor,150
Phosphodiesterase 4D,5144
Vasopressin V2 receptor,554
Platelet-derived growth factor receptor alpha,5156
Dual specificity tyrosine-phosphorylation-regulated kinase 1A,1859
Voltage-gated potassium channel subunit Kv7.2,3785
Cell division protein kinase 8,8317
Tyrosine-protein kinase CTK,4145
Pyruvate kinase,5313
Adenosinetriphosphatase,481
Carbonic anhydrase VB,11238
Dipeptidyl peptidase IX,91039
Serine/threonine-protein kinase TBK1,29110
Platelet activating factor receptor,5724
Gonadotropin-releasing hormone receptor,2798
Vitamin D-binding protein,2638
ADAM9,8754
Free fatty acid receptor 2,2867
Serine/threonine-protein kinase TAO3,51347
Neurotensin receptor 3,4923
Serine/threonine-protein kinase LATS2,26524
Serine/threonine-protein kinase 38,11329
cAMP-dependent protein kinase (PKA),5566
Apoptosis regulator Bcl-W,599
Phosphatidylinositol 3-kinase catalytic subunit type 3,5289
Glyoxalase I,2739
Ribosomal protein S6 kinase alpha 3,6195
Serine/threonine-protein kinase OSR1,9943
Rho-associated protein kinase,9475
Plasma retinol-binding protein,5950
Serine/threonine-protein kinase DCLK3,85443
Sphingosine 1-phosphate receptor Edg-6,8698
CaM kinase II gamma,818
Tyrosine-protein kinase FER,2241
Serotonin 5a (5-HT5a) receptor,3361
Serine/threonine-protein kinase TAO2,9344
"AMP-activated protein kinase, AMPK",5562
Retinoic acid receptor gamma,5916
Hemoglobin HbA,3040
Thyroid stimulating hormone receptor,7253
Histone deacetylase 9,9734
Serine/threonine-protein kinase ICK,22858
Protein kinase C beta,9578
Kinesin-like protein KIFC1,3833
Pancreatic triacylglycerol lipase,5406
Tyrosine-protein kinase TIE-2,7010
Cyclin-dependent kinase 7,23552
Orexin receptor type 2,3061
Serine-threonine protein phosphatase 2A regulatory subunit,28227
Toll-like receptor 9,7099
Matriptase,6768
BMP-2-inducible protein kinase,55589
Sulfonylurea receptor 1,6833
Cyclooxygenase-2,5743
Serine/threonine-protein kinase TNNI3K,100526835
Bromodomain-containing protein 4,23774
Protein kinase N1,5585
Metabotropic glutamate receptor 7,2912
Protein kinase C theta,1609
Tyrosine-protein kinase CSK,4145
CaM kinase I alpha,84254
Casein kinase I alpha,1457
Dual specificity mitogen-activated protein kinase kinase 5,5608
Androgen Receptor,367
Cell division cycle 7-related protein kinase,8317
Bile acid transporter,6555
Ephrin type-A receptor 5,285220
Metabotropic glutamate receptor 3,2912
GAR transformylase,2618
Inhibitor of nuclear factor kappa B kinase beta subunit,3551
Peripheral plasma membrane protein CASK,8573
Cell division cycle 2-like protein kinase 6,23097
C-X3-C chemokine receptor 1,1524
mTORC1,729438
Serine/threonine-protein kinase Sgk1,6446
Cathepsin H,1522
Butyrylcholinesterase,590
MAP kinase p38 delta,5603
Sphingosine 1-phosphate receptor 1,1901
Phosphoethanolamine/phosphocholine phosphatase,162466
Cytochrome P450 2C9,1559
Heat shock protein HSP 90,3320
NAD-dependent deacetylase sirtuin 3,22933
Serine/threonine-protein kinase ULK2,9706
Mitogen-activated protein kinase 15,225689
Steryl-sulfatase,412
Glutamate [NMDA] receptor,116444
"Arachidonate 15-lipoxygenase, type II",247
Voltage-gated potassium channel subunit Kv1.3,3738
Serine/threonine-protein kinase PAK6,56924
Matrix metalloproteinase 7,64386
Bile acid receptor FXR,9971
Ribonucleoside-diphosphate reductase M2 chain,6241
Adenosylhomocysteinase,191
Tyrosine-protein kinase ABL2,27
Tyrosine-protein kinase SRC,6714
Prostaglandin-H2 D-isomerase,27306
Arachidonate 12-lipoxygenase,239
Cytochrome P450 2C8,1558
Glutamate [NMDA] receptor subunit epsilon 2,2904
LDL-associated phospholipase A2,7941
Seprase,2191
"AMP-activated protein kinase, beta-1 subunit",5564
c-Jun N-terminal kinase 2,5599
Exportin-1,7514
Serine/threonine-protein kinase ULK1,8408
Ephrin type-B receptor 6,2050
Glucose-dependent insulinotropic receptor,2696
Pirin,8544
Cyclin-dependent kinase 2,23552
Geranylgeranyl pyrophosphate synthase,9453
Copper,26
Fatty-acid amide hydrolase 2,2166
Aldehyde reductase,401982
"Amiloride-sensitive sodium channel, ENaC",6337
Mitogen-activated protein kinase kinase kinase 11,4296
Cysteinyl leukotriene receptor 1,10800
G-protein coupled receptor 183,1880
Paired box protein Pax-8,7849
Heat shock protein HSP 90-beta,3326
CDK2/Cyclin A,1017
Dual specificity mitogen-activated protein kinase kinase,5608
Prostanoid EP3 receptor,5733
PITSLRE serine/threonine-protein kinase CDC2L2,728642
Tubulin beta-3 chain,10381
Bone morphogenetic protein receptor type-2,659
Maltase-glucoamylase,8972
Rho-associated protein kinase 1,9475
Acetyl-CoA carboxylase 1,31
DNA topoisomerase I,7153
Caspase-1,834
Sodium channel protein type X alpha subunit,6326
Inhibitor of nuclear factor kappa B kinase alpha subunit,1147
Cyclin T1,904
Cyclin-dependent kinase 9,23552
Cholecystokinin receptor,886
X-box-binding protein 1,7494
Lysyl-tRNA synthetase,100132079
Tyrosine-protein kinase ABL,25
Tyrosine-protein kinase FES,2242
Alpha-1a adrenergic receptor,148
Proto-oncogene tyrosine-protein kinase MER,10461
Glucose transporter,6513
ADP-ribosylation factor 1,221079
Microtubule-associated serine/threonine-protein kinase 1,22983
Sodium/hydrogen exchanger 1,133308
Casein kinase 2,1457
Neurokinin 3 receptor,6869
Interleukin-2,3560
Xanthine dehydrogenase/oxidase,7498
Adrenergic receptor,146
Histamine H3 receptor,11255
Nuclear receptor subfamily 1 group D member 2,2908
Serine/threonine-protein kinase PLK1,5347
C-X-C chemokine receptor type 4,3577
Cathepsin K,1522
High mobility group protein B1,3146
Malate dehydrogenase,4190
Beta-lactamase,25953
Ephrin type-B receptor 2,2050
DNA-directed RNA polymerase,5436
Liver glycogen phosphorylase,5836
Metabotropic glutamate receptor 5,2912
Folate receptor beta,2350
MAP kinase p38,1432
CDK8/Cyclin C,1024
Carbonic anhydrase-related protein 2,770
Phosphodiesterase 4C,5143
Glutamate receptor ionotropic kainate,2899
"Indoleamine 2,3-dioxygenase 1",169355
Ephrin type-A receptor 1,285220
Lysophosphatidic acid receptor Edg-2,1902
ATP-dependent DNA helicase Q1,5965
Protein kinase C epsilon,5581
LXR-alpha,10062
Plasminogen activator inhibitor-1,5054
Solute carrier family 22 member 1,6581
Histone deacetylase 7,9734
G2/mitotic-specific cyclin B1,891
Serotonin 3 receptor (5HT3),3359
Solute carrier family 22 member 8,6581
Retinoid receptor,2649
Voltage-dependent calcium channel alpha2delta subunit,55799
NAD-dependent deacetylase sirtuin 2,22933
Serine/threonine-protein kinase 17A,9263
Gamma-secretase,51107
Insulin-like growth factor 1 receptor,3482
Thiazide-sensitive sodium-chloride cotransporter,6559
Phosphodiesterase 7A,5150
Histamine H2 receptor,3274
Serotonin 3a (5-HT3a) receptor,3359
Integrase,54826
"Glutaminase kidney isoform, mitochondrial",2744
Histamine H1 receptor,3269
SPS1/STE20-related protein kinase YSK4,80122
Interleukin-8 receptor A,3579
Cathepsin S,1522
U4/U6 small nuclear ribonucleoprotein Prp4,9128
Transient receptor potential cation channel subfamily V member 4,59341
Ephrin type-B receptor 3,2050
Carbonate dehydratase,760
Serine/threonine-protein kinase B-raf,673
SNF-related serine/threonine-protein kinase,54861
Solute carrier organic anion transporter family member 1B3,28234
Cytochrome P450 2B6,1555
Quinone reductase 2,4835
Protein polybromo-1,55193
Serine/threonine-protein kinase RAF,673
Protein arginine N-methyltransferase 5,90826
Tyrosine-protein kinase FYN,2534
Platelet-derived growth factor subunit A,5155
Bone morphogenetic protein 4,659
cGMP-dependent protein kinase 1 alpha,5592
PDZ-binding kinase,55872
Chromodomain Y-like protein 2,9425
Cholecystokinin A receptor,886
NEDD8,4738
Orexin receptor 2,3061
"Myosin light chain kinase, smooth muscle",4638
"Muscle, skeletal receptor tyrosine protein kinase",4593
Alpha-glucosidase,2548
Acyl coenzyme A:cholesterol acyltransferase 1,8435
cGMP-dependent protein kinase 2,5592
E3 SUMO-protein ligase CBX4,8535
N-acylsphingosine-amidohydrolase,653308
Sodium channel protein type V alpha subunit,6326
Monoamine oxidase B,4128
Leucine-rich repeat serine/threonine-protein kinase 2,79705
Peregrin,7862
Adrenergic receptor alpha-2,150
Serine/threonine-protein kinase Chk2,11200
Cyclin-dependent kinase 3,23552
Monoacylglycerol lipase ABHD12,26090
G protein-coupled receptor kinase 4,2868
Mitogen-activated protein kinase kinase kinase kinase 5,51776
Histone lysine demethylase PHF8,23133
Elastase 1,1991
Carbonic anhydrase,760
Vascular endothelial growth factor A,7422
Nicotinic acetylcholine receptor alpha subunit,1134
Serine/threonine-protein kinase PIM1,5292
NADH oxidoreductase,4731
Adenosine A1 receptor,134
Serine/threonine-protein kinase MST1,6789
Myosin light chain kinase family member 4,340156
Bromodomain-containing protein 7,23774
Dual specificity protein kinase CLK1,1195
ADAM12,8038
Calcium-dependent protein kinase 1,2185
Pregnane X receptor,8856
G protein-coupled receptor kinase 5,2868
Histone deacetylase,9734
Oxysterols receptor LXR-beta,7376
Nociceptin receptor,4987
Lysine-specific demethylase 3A,55818
Transcription activator BRG1,6597
Peptidoglycan,57115
Lysine-specific demethylase 6B,23135
Nuclear factor NF-kappa-B p105 subunit,4790
Intestinal alkaline phosphatase,248
G1/S-specific cyclin E1,898
Farnesyl pyrophosphate synthase,2224
ATP-binding cassette sub-family G member 2,6890
Voltage-gated N-type calcium channel alpha-1B subunit,774
Metabotropic glutamate receptor 8,2912
Serotonin 2b (5-HT2b) receptor,3357
3-oxoacyl-(Acyl-carrier protein) reductase,2194
Testis-specific androgen-binding protein,6462
Carbonic anhydrase VII,766
Insulin receptor-related protein,3645
Protein kinase C nu,23683
Group IIE secretory phospholipase A2,30814
Receptor-interacting serine/threonine-protein kinase 4,8737
Tyrosine-protein kinase SYK,6850
Cell division control protein 2 homolog,8318
Serine/threonine-protein kinase Sgk2,10110
Nerve growth factor receptor Trk-A,4914
Monoglyceride lipase,11343
Vitamin D receptor,7421
Synapsin-1,6853
Casein kinase I delta,1453
Hypoxia-inducible factor 1 alpha,3091
Tyrosine-protein kinase ZAP-70,7535
Muscarinic receptor 4,1131
Macrophage-stimulating protein receptor,4486
Aldo-keto reductase family 1 member C2,1646
Motilin receptor,2862
Retinoid X receptor beta,6257
c-Jun N-terminal kinase 3,5599
Dual-specificity tyrosine-phosphorylation regulated kinase 2,8444
Cyclin-dependent kinase 7/ cyclin H,1022
Voltage-gated L-type calcium channel alpha-1C subunit,775
Induced myeloid leukemia cell differentiation protein Mcl-1,4170
Corticosteroid binding globulin,866
Heat shock factor protein 1,124535
Thymidine phosphorylase,1890
Orexin receptor 1,3061
Urokinase-type plasminogen activator,5329
Steroid 5-alpha-reductase 1,6719
Ras-related protein Rab-7a,7879
Poly [ADP-ribose] polymerase 3,142
Phospholipase A2 group 1B,5319
Cytochrome P450 11B2,1585
Angiotensin type II receptor,185
Protein O-GlcNAcase,10724
Vesicular acetylcholine transporter,6572
Solute carrier family 22 member 12,116085
Bcl2-antagonist of cell death (BAD),572
Cystinyl aminopeptidase,4012
HMG-CoA reductase,3156
Serine/threonine-protein kinase Aurora-B,9212
Acetylcholine receptor,79608
Retinoic acid receptor,5914
Bromodomain adjacent to zinc finger domain protein 2A,11176
Cytochrome P450 26A1,1592
Serine/threonine-protein kinase MAK,4117
Serine/threonine-protein kinase D2,25865
Phosphorylase kinase gamma subunit 1,5261
Cytochrome P450 21,1589
Leukocyte adhesion glycoprotein LFA-1 alpha,3683
"Interferon-induced, double-stranded RNA-activated protein kinase",5610
Glycogen debranching enzyme,178
RAF serine/threonine protein kinase,673
Pepsin A,5222
Serine/threonine-protein kinase 16,8576
Prelamin-A/C,4000
Mitogen-activated protein kinase kinase kinase 12,7786
Tyrosine-protein kinase ITK/TSK,3702
Acyl-CoA desaturase,6319
anion channel,7416
GABA-B receptor,9568
Ubiquitin carboxyl-terminal hydrolase 13,8975
Dual-specificity tyrosine-phosphorylation regulated kinase 1A,1859
Mitogen-activated protein kinase kinase kinase 8,51776
Histone deacetylase 11,79885
Alpha-2a adrenergic receptor,150
"Cytochrome P450 11B2, mitochondrial",1585
Eukaryotic translation initiation factor 2-alpha kinase 1,27102
Stem cell growth factor receptor,3815
Tubulin,7278
Sphingosine 1-phosphate receptor Edg-8,53637
Ubiquitin carboxyl-terminal hydrolase 10,9100
Serine/threonine-protein kinase PIM,5292
Prostanoid EP2 receptor,5732
Acetyl-CoA carboxylase 2,31
CaM kinase IV,814
GABA transporter 1,6540
Kruppel-like factor 5,8609
Serine/threonine-protein kinase/endoribonuclease IRE1,2081
Kallikrein 1,5655
Baculoviral IAP repeat-containing protein 2,330
Phosphodiesterase 9A,5152
RAC-alpha serine/threonine-protein kinase,207
Leucine-tRNA ligase,23395
Serine/threonine-protein kinase 17B,9262
Nuclear factor NF-kappa-B p65 subunit,5970
Mitochondrial complex I,4697
Dual specificity mitogen-activated protein kinase kinase 2,5608
Tubulin alpha-1 chain,7277
"Histone-lysine N-methyltransferase, H3 lysine-79 specific",84444
Phosphatidylinositol-5-phosphate 4-kinase type-2 gamma,79837
Matrix metalloproteinase-2,4324
Trypsin,3700
Cyclin-dependent kinase 5,23552
Epoxide hydrolase 1,2053
Serotonin 6 (5-HT6) receptor,3362
Axin-2,8313
Janus Kinase (JAK),3718
Ephrin type-A receptor 8,285220
Tyrosine-protein kinase TEC,7006
14-alpha sterol demethylase,1595
Cathepsin F,1522
Bromodomain-containing protein 3,23774
Protein P,8857
Monoamine oxidase,4128
ACHE & BCHE,43
Mitogen-activated protein kinase kinase kinase 4,51776
Amiloride-sensitive sodium channel alpha-subunit,6337
Sonic hedgehog protein,6469
Cannabinoid CB1 receptor,25927
Ergosterol,11161
Lethal(3)malignant brain tumor-like protein 3,26013
Dual specificity tyrosine-phosphorylation-regulated kinase 1B,9149
Serine/threonine-protein kinase PAK7,57144
Serine/threonine-protein kinase 38-like,23012
Poly [ADP-ribose] polymerase 10,84875
Glutathione reductase,2936
Cholecystokinin B receptor,886
MAP kinase p38 alpha,1432
Orexin receptor type 1,3061
Matrix metalloproteinase 9,64386
Endothelin receptor ET-B,1910
Cytochrome P450 1B1,1545
Dopamine transporter,6531
Serine/threonine-protein kinase SBK1,388228
Mitogen-activated protein kinase kinase kinase 3,51776
Muscle glycogen phosphorylase,5837
Group IIF secretory phospholipase A2,64600
Serine-protein kinase ATM,472
Platelet-derived growth factor receptor (PDGFr),5159
Phosphodiesterase 1A,5136
Probable protein-cysteine N-palmitoyltransferase porcupine,64840
Choline transporter,60482
Synaptic vesicular amine transporter,6571
Acyl coenzyme A:cholesterol acyltransferase,8435
Sigma opioid receptor,10280
Bradykinin B1 receptor,623
CDK1/Cyclin A,983
Receptor-interacting serine/threonine-protein kinase 2,8737
MAP kinase-activated protein kinase 5,6196
Aminopeptidase B,4012
Cytochrome P450 26B1,56603
CaM-kinase kinase beta,10645
Hepatocyte growth factor activator,3083
Tissue-type plasminogen activator,5327
Programmed cell death 1 ligand 1,80380
Prostanoid EP1 receptor,5731
Voltage-dependent L-type calcium channel subunit alpha-1C,775
Phosphoglycerate mutase 1,5223
Cytosol aminopeptidase,51056
Thromboxane-A synthase,6916
AP-2 complex subunit sigma,1175
Synaptic vesicle glycoprotein 2A,9900
Mitogen-activated protein kinase kinase kinase kinase 4,51776
NADH-ubiquinone oxidoreductase chain 1,4731
26S proteasome,7979
Aldehyde dehydrogenase,216
Protein tyrosine kinase 2 beta,2185
Cyclin-dependent kinase 2/cyclin E,1033
Sigma-1 receptor,10280
Serine/threonine-protein kinase RIPK2,8767
Adenosine receptor,135
Phosphatidylinositol-4-phosphate 5-kinase type-1 alpha,8394
Mitochondrial import inner membrane translocase subunit TIM10,26515
Interleukin-1 receptor-associated kinase 1,11213
D2 & D3,43491
Serine/threonine-protein kinase 2,167359
Adrenergic receptor alpha,146
Carbonic anhydrase IV,762
Endoplasmin,7184
Carbonic anhydrase VI,765
Cyclic GMP-AMP synthase,115004
Core antigen,8763
Serine/threonine-protein kinase PCTAIRE-2,5128
Serotonin 1d (5-HT1d) receptor,3352
Alcohol dehydrogenase,131
Dopamine D5 receptor,1816
Thymidylate synthase,7298
BR serine/threonine-protein kinase 2,9024
Cardiac myosin,4633
"c-Jun N-terminal kinase, JNK",5599
Cell division control protein 42 homolog,998
Adenylate cyclase type I,108
Thyroid hormone receptor,7067
"HIF-1-alpha, HIF-2-alpha",2034
Mitogen-activated protein kinase 7,5597
Mu opioid receptor,4988
DOPA decarboxylase,1644
Cytochrome P450 2J2,1573
Hepatocyte growth factor receptor,4233
Leukocyte tyrosine kinase receptor,4058
Serine/threonine-protein kinase MST2,6788
Deoxyribonuclease-1,1773
Sodium/myo-inositol cotransporter 2,6526
Cysteine protease,84971
Epoxide hydratase,2053
Nuclear factor NF-kappa-B complex,4792
Bcr/Abl fusion protein,25
Lysophosphatidic acid receptor Edg-7,23566
Matrix protein 2,1311
Programmed cell death protein 4,5133
Alpha-1B adrenergic receptor,147
Phosphatidylinositol-4-phosphate 3-kinase C2 domain-containing subunit alpha,5286
Carbonic anhydrase VA,763
MAP kinase ERK2,5594
P2X purinoceptor 1,9127
Beta-3 adrenergic receptor,155
succinate dehydrogenase,6391
Protein kinase C gamma,55561
Cytochrome P450 3A5,1577
Matrix metalloproteinase 10,4319
Melatonin receptor,4544
Protein RecA,5888
Mitogen-activated protein kinase kinase kinase 7-interacting protein 1,257397
Serine/threonine-protein kinase DCLK1,9201
Transthyretin,7276
Vasopressin V1a receptor,552
Calmodulin,801
Kappa opioid receptor,4986
Proteasome subunit beta type-9,5698
11-beta-hydroxysteroid dehydrogenase 1,3291
G protein-coupled receptor 44,11251
Cytochrome P450 11A1,1583
Cyclin-dependent kinase 13,8621
Serine/threonine-protein kinase 32C,282974
Tankyrase-2,80351
Hemoglobin beta chain,3043
Voltage-gated potassium channel,3739
Epoxide hydrolase,2053
P2X purinoceptor,9127
Focal adhesion kinase 1,2185
Muscarinic acetylcholine receptor M2,1129
GABA transporter,6540
Cannabinoid CB2 receptor,1269
Myosin-IIIB,140469
Estradiol 17-beta-dehydrogenase 2,3293
CaM kinase II beta,816
CaM kinase I gamma,57172
Serine/threonine-protein kinase A-Raf,369
Serine/threonine-protein kinase Sgk3,23678
N-lysine methyltransferase SMYD2,56950
Cyclophilin A,10283
Ephrin type-B receptor 4,2050
Methionine aminopeptidase 2,10988
Ribosomal protein S6 kinase alpha 1,6195
Phosphodiesterase 3,5137
Serine/threonine-protein kinase PRKX,5613
Cdc2,983
Calcitonin gene-related peptide 1,796
Estrogen-related receptor alpha,2101
Leukocyte elastase,1991
CaM-kinase kinase alpha,84254
Serine protease hepsin,3249
Protein delta homolog 1,65989
Lysine-specific demethylase 5A,5927
Serine/threonine-protein kinase PAK 2,57144
Presenilin 1,5663
Adenosine A2a receptor,135
5-hydroxytryptamine 1D receptor,3352
Casein kinase II subunit alpha,1457
Autotaxin,5168
Sodium channel protein type IV alpha subunit,6329
Histone deacetylase 5,9734
Serine/threonine-protein kinase PCTAIRE-3,5129
Dipeptidyl peptidase IV,1803
Diacylglycerol O-acyltransferase 1,84649
Ephrin type-A receptor 6,285220
DNA topoisomerase II alpha,7153
Epidermal growth factor receptor erbB1,1956
Peptidyl-prolyl cis-trans isomerase NIMA-interacting 1,5303
Serine/threonine-protein kinase PCTAIRE-1,5127
Serotonin 1b (5-HT1b) receptor,3351
Polycomb protein EED,8726
Ferritin light chain,2512
Rhodopsin kinase,131890
Thyroid peroxidase,7173
Equilibrative nucleoside transporter 1,3177
Cyclin-dependent kinase-like 2,8814
Myosin light chain kinase,4638
Cystic fibrosis transmembrane conductance regulator,1080
Calpain 1,824
Sigma intracellular receptor 2,10280
Transient receptor potential cation channel subfamily M member 6,59341
NUAK family SNF1-like kinase 2,81788
"Phosphatidylinositol 4,5-bisphosphate 3-kinase catalytic subunit gamma isoform",5294
Carbonic anhydrase I,760
Signal transducer and activator of transcription 5A,6776
Peptidyl-prolyl cis-trans isomerase FKBP5,2289
Efflux transporter,56606
Multidrug and toxin extrusion protein 2,55244
PI3-kinase p110-gamma subunit,5294
Estrogen receptor beta,2100
Tubulin beta-1 chain,81027
Mitogen-activated protein kinase,5597
Tyrosine-protein kinase FGR,2268
Oxytocin receptor,5021
Calcitonin gene-related peptide type 1 receptor,10203
Dual specificity phosphatase Cdc25A,993
Cyclin-dependent kinase-like 3,8814
Serine/threonine-protein kinase Nek3,4752
Ribosomal protein S6 kinase alpha 2,6195
Protein kinase C iota,5584
Mitogen-activated protein kinase 6,5597
Cellular retinoic acid-binding protein II,1382
Sphingosine kinase 2,8877
Tankyrase-1,85456
Serine/threonine-protein kinase PAK 4,57144
DNA-dependent protein kinase,5591
"Thymidine kinase, cytosolic",7083
Tyrosine-protein kinase JAK2,3717
CDK9/Cyclin K,1025
Eukaryotic translation initiation factor 2-alpha kinase 3,27102
Chymase,1215
Serine/threonine-protein kinase SIK1,150094
C-C chemokine receptor type 4,3577
Enoyl-acyl carrier reductase,51102
Methionine aminopeptidase,10988
Endothelial PAS domain-containing protein 1,2034
Serine/threonine-protein kinase MRCK beta,9578
"Fructose-1,6-bisphosphatase",8789
GTPase KRas,3845
NEDD8-activating enzyme E1 catalytic subunit,9039
Cytochrome P450 1A1,1543
Toll-like receptor 7,7099
Menin,4221
P-glycoprotein 1,5244
Bloom syndrome protein,641
Serine/threonine-protein kinase 10,6793
mu & kappa,8907
MAP kinase signal-integrating kinase 2,2872
Beta casein,1447
Hexokinase type IV,2645
Multidrug resistance-associated protein 1,3921
Type-1 angiotensin II receptor,185
Serine/threonine-protein kinase PAK 3,57144
CDK3/Cyclin E,1018
Sodium-(potassium)-chloride cotransporter 2,6558
Transient receptor potential cation channel subfamily A member 1,59341
Bromodomain testis-specific protein,676
Histone-lysine N-methyltransferase SETD7,80854
Tyrosinase,7299
Mitochondrial complex II,7385
Beta-glucosidase,57733
Nuclear receptor coactivator 3,23054
Gastric lipase,8513
Inositol monophosphatase 1,3612
Serotonin 1f (5-HT1f) receptor,3355
Histamine N-methyltransferase,3176
3-beta-hydroxysteroid dehydrogenase/delta 5-->4-isomerase type II,3284
Poly [ADP-ribose] polymerase 6,142
Trace amine-associated receptor 1,83551
Serine/threonine-protein kinase MARK1,4139
Adenylate cyclase,108
Receptor-type tyrosine-protein kinase FLT3,2322
Steroid 5-alpha-reductase,6719
Emopamil-binding protein-like,84650
Signal peptide peptidase-like 2A,84888
Phosphorylase kinase,5261
Apoptosis regulator Bcl-2,4170
ADAM10,102
Serine/threonine-protein kinase RIO3,8780
Poly [ADP-ribose] polymerase-1,142
Arylacetamide deacetylase,13
Sodium channel alpha subunit,6329
Aminopeptidase,4012
Phosphodiesterase 6,5137
Peptidyl-prolyl cis-trans isomerase D,5303
P-glycoprotein 3,5244
"7,8-dihydro-8-oxoguanine triphosphatase",4521
Macrophage colony stimulating factor receptor,1438
Adenosine kinase,132
Serine/threonine-protein kinase 35,140901
C-C chemokine receptor type 5,3577
Tyrosine-protein kinase TXK,7294
Substance-P receptor,6869
Beta-1 adrenergic receptor,153
Mineralocorticoid receptor,4306
Serine/threonine-protein kinase PFTAIRE-1,5218
Phosphatidylinositol-4-phosphate 3-kinase C2 domain-containing subunit gamma,5288
Translocator protein,706
Vascular endothelial growth factor receptor 1,3791
Vitamin D3 receptor A,7421
Sphingosine 1-phosphate receptor Edg-3,1903
Adenosine A3 receptor,140
TRAF2- and NCK-interacting kinase,23043
Dopamine D2 receptor,1813
Receptor tyrosine-protein kinase erbB-3,2065
Protease,56649
Baculoviral IAP repeat-containing protein 3,330
Bone morphogenetic protein 1,659
Tryptophan 5-hydroxylase,7166
Mitogen-activated protein kinase kinase kinase 5,51776
Dual serine/threonine and tyrosine protein kinase,25778
Receptor-interacting serine/threonine-protein kinase 1,8737
MAP/microtubule affinity-regulating kinase 2,57787
"Protein kinase C, PKC",5579
Matrix metalloproteinase 3,64386
Peroxisome proliferator-activated receptor delta,5467
Voltage-gated calcium channel,8912
Serine/threonine-protein kinase NEK9,91754
Serine/threonine-protein kinase PLK3,1263
Bromodomain-containing protein 9,23774
Huntingtin,3064
Sucrase-isomaltase,6476
TGF-beta receptor type I,7048
Activin receptor type-1,90
Lysyl oxidase homolog 2,4017
Histone deacetylase HD2,3066
Cellular retinoic acid-binding protein I,1381
Testis-specific serine/threonine-protein kinase 2,83942
Retinoic acid receptor beta,5915
SRC,6714
Solute carrier organic anion transporter family member 2B1,11309
Dual specificity mitogen-activated protein kinase kinase 3,5608
Complement C1r,715
Protein-tyrosine phosphatase 2C,5781
Serine/threonine-protein kinase SRPK2,6733
Phosphodiesterase 4A,5141
Folate transporter 1,6573
Histone deacetylase 10,83933
Proton-coupled folate transporter,113235
Casein kinase II alpha (prime),1459
Serine/threonine-protein kinase PFTAIRE-2,65061
P2X purinoceptor 3,9127
Cathepsin D,1522
Xanthine dehydrogenase,7498
Activin receptor type-2A,92
Lysyl oxidase,4015
CDGSH iron-sulfur domain-containing protein 1,493856
Muscarinic acetylcholine receptor M5,1133
G-protein coupled receptor 55,9290
Serotonin 3 (5-HT3) receptor,285242
Insulin receptor,3643
Neurotrophic tyrosine kinase receptor type 2,4916
Chromobox protein homolog 7,8535
Regulator of G-protein signaling 4,8601
Tubulin beta chain,203068
Lanosterol 14-alpha demethylase,1595
"Amine oxidase, copper containing",26
Progesterone receptor,5241
Alpha-1d adrenergic receptor,146
"Potassium channel, inwardly rectifying, subfamily J, member 8",3767
Acetylcholine receptor protein alpha chain,1139
DNA topoisomerase II beta,7155
NEDD8 activating enzyme,8883
Transporter,2217
Tyrosine-protein kinase receptor TYRO3,7301
Tyrosine-protein kinase BMX,660
Estrogen-related receptor gamma,2104
Envelope glycoprotein,30816
c-Jun N-terminal kinase 1,5599
"Glutamate receptor ionotropic, AMPA",2892
ATP-binding cassette sub-family A member 1,6890
Betaine-homocysteine S-methyltransferase,635
Leucine aminopeptidase,51056
Ephrin type-A receptor 7,285220
Ras-related protein Rab-9A,9367
Ribosomal protein S6 kinase 1,6195
Metabotropic glutamate receptor 2,2912
Beta-secretase 1,23621
Pancreatic lipase,5406
Serine/threonine-protein kinase SIK3,23387
Zinc finger protein 664,144348
Leukocyte proteinase 3,5657
Prostanoid FP receptor,5737
Serine/threonine-protein kinase Chk1,1111
Serine/threonine-protein kinase Nek4,6787
Ras-related protein Rab-2A,5862
Angiotensin II receptor,185
Endonuclease 4,348654
Reverse transcriptase protein,7015
Aminopeptidase N,4012
HSP90,11140
Voltage-gated T-type calcium channel alpha-1H subunit,8912
Aldehyde oxidase,316
Fibroblast growth factor receptor 2,2260
Extracellular calcium-sensing receptor,846
Farnesyl diphosphate synthase,2224
Soluble guanylate cyclase,2983
Fructose-bisphosphate aldolase A,229
Glutamate NMDA receptor,116444
"Troponin, cardiac muscle",7134
Tyrosine-protein kinase YES,7525
cGMP-dependent protein kinase 1 beta,5592
Potassium/sodium hyperpolarization-activated cyclic nucleotide-gated channel 4,10021
Ephrin type-A receptor 4,285220
SRSF protein kinase 1,6733
Sodium channel protein type III alpha subunit,6328
Phosphodiesterase 3B,5140
Group IID secretory phospholipase A2,26279
Prostaglandin E synthase,5730
6-phosphogluconate dehydrogenase,5226
Protein kinase N2,5586
Acyl-CoA desaturase 1,6319
Cyclooxygenase-1,5742
Sodium/hydrogen exchanger 2,133308
Cytochrome b-245 light chain,1535
Peroxisome proliferator-activated receptor alpha,5465
Carbonic anhydrase XIV,23632
Alpha-2b adrenergic receptor,151
Lysyl oxidase homolog 4,4017
Glycine transporter 1,9152
Myelin transcription factor 1,4661
P2X7 purinoceptor,5027
Phosphodiesterase 6C,5146
Dual specificity protein kinase CLK3,1198
Telomerase reverse transcriptase,7015
Catechol O-methyltransferase,1312
Cytochrome P450 2D6,1565
Phosphodiesterase 4,5137
Tryptophan 5-monooxygenase 1,7534
TAK1/TAB1,10454
Tumour suppressor p53/oncoprotein Mdm2,4193
Bcl-xL/BAX,581
CRY2/PER2,1408
Bcl-xL/Bcl-2-like protein 11,598
Aurora-C/INCENP,6795
JAK1/TYK2,3716
Aurora kinase A/Targeting protein for Xklp2,6790
Cyclin-dependent kinase 4/cyclin D,23582
GABA A receptor alpha-6/beta-2/gamma-2,2566;2561
Bcl-xL/BH3-interacting domain death agonist,572
p53-binding protein Mdm-2,27085
Integrin alpha-V/beta-5,3685;3693
"Calcitonin-gene-related peptide receptor, CALCRL/RAMP1",10203
Bacterial DNA-directed RNA polymerase,?27434?
PI3-kinase p110-delta/p85-alpha,5293
Integrin alpha-V/beta-3,3685;3690
Dual specificity phosphatase Cdc25B,994
Cyclin-T1/Cyclin-dependent-like kinase 5,904;1020
Sarcoplasmic/endoplasmic reticulum calcium ATP-ase,488;489
Dual specificty protein kinase CLK1,1195
Human immunodeficiency virus type 1 integrase,904
KCNQ2(Kv7.2)/KCNQ3(Kv7.3),3785;3786
Grin1/Grin2a,2902;2903
MLL1/ASH2L/RBBP5/WDR5 complex,9070;5929
EZH2/SUZ12/EED/RBBP7/RBBP4,2146;23512;8726;5931;5928
GABA A receptor alpha-2/beta-2/gamma-2,2566;2561;2555
Cytochrome P450 121,1545
Peroxisome proliferator-activated receptor gamma/Nuclear receptor coactivator 2,5468
GRIN1/GRIN2B,2902;2904
CDK6/cyclin D3,1021;896
Serine/threonine-protein kinase NEK7,140609
PRMT5/MEP50 complex,10419;79084
BRAF/CRAF,673;5894
PIK3CG/PIK3R1,5294;5295
Cyclin-dependent kinase 2/cyclin E1,1017;898
Integrin alpha-V/beta-8,3685;3696
Integrin alpha-V/beta-1,3685;3688
Integrin alpha-5/beta-1,3678;3688
Beta-lactamase ACC-4,1512;51110
CDK9/cyclin T1,1025;904
JAK3/JAK1,3718;3716
Histone deacetylase 1/2/3,3065;8841;3066
AMPK alpha2/beta1/gamma1,5563;5564;5571
Protein farnesyl/geranylgeranyl transferase,2338;2342
Serine/threonine-protein kinase PAK 1/PAK 2,5058;5062
"Carbonic anhydrase 2, isoform A",760
"1,3-beta-glucan synthase",2928
Sodium channel alpha subunits,6337
AMP-activated protein kinase (AMPK) alpha-1/beta-1/gamma-1,5562;5564;5571
Integrin alpha-V/beta-3/alpha-V/beta-5,3685;3690;3693
"Putative fructose-1,6-bisphosphate aldolase",2203
UDP-N-acetylglucosamine 1-carboxyvinyltransferase,10020
Putative uncharacterized serine/threonine-protein kinase SgK110,100130827
PI3K p110 beta/p85 alpha,5291;5295
Keap1/Nrf2,9817;2551;4780
Ras and Rab interactor 1/Tyrosine-protein kinase ABL1,9610;25
"Endothelin receptor, ET-A/ET-B",1909;1910
Epidermal growth factor receptor and ErbB2 (HER1 and HER2),1956;2064
Kinesin-1 heavy chain/ Tyrosine-protein kinase receptor RET,3799;5979
Nuclear receptor subfamily 4 group A member 2/Retinoic acid receptor RXR-alpha,4929;6256
Integrin alpha-V/alpha-5,3685;3678
EZH2/SUZ12/EED complex,2146;23512;8726
Voltage-dependent L-type calcium channel subunit beta-1/alpha-1B/alpha-2/delta-1,728;774;781
GABA A receptor alpha-3/beta-2/gamma-2,2561;2566;2556
"Carbonic anhydrase, alpha family",759
Cyclin-dependent kinase 4/G1/S-specific cyclin-E1,1019;898
Retinoic acid receptor RXR-alpha/oxysterols receptor LXR-alpha,6256;10062
Histone deacetylase (HDAC1 and HDAC2),3065;3066
"Intercellular adhesion molecule (ICAM-1), Integrin alpha-L/beta-2",3383;3683;3689
Delta carbonic anhydrase,762
Bcl-xL/BAK,572;598;578
LSD1/CoREST complex,23028;23186
CDK2/Cyclin A1,1017;8900
Serine/threonine-protein kinase MRCK-A,8476
cIAP1/cIAP2,329;330
Apoptosis regulator Bcl-2/Bcl-2 homologous antagonist/killer,596;578
Cereblon/Aiolos,51185;22806
CDK4/Cyclin D3,1019;896
Aurora kinase B-A,9212;6790
Casein kinase II alpha/beta,1457;1459;1460
Retinoic acid receptor RXR-alpha/Vitamin D3 receptor,6256;7421
"Serine/threonine protein phosphatase 2B catalytic subunit, alpha isoform",5532;5533
Receptor protein-tyrosine kinase erbB-2,2064
Tankyrase 1/2,8658;80351
Cyclin-dependent kinase 8/19,23097;1024
Cyclin-dependent kinase 5/CDK5 activator 1,8851
GABA A receptor alpha-1/beta-1/gamma-2,2554;2560;2566
Bcl-xL/Bcl-2-binding component 3,572
Cyclin-dependent kinase 13/Cyclin-K,8621;8812
Angiotensin II type 1a (AT-1a) receptor,185
JAK2/TYK2,3717;7297
Integrin alpha-V/beta-6,3685;3694
RXR alpha/PPAR gamma,6256;5468
Hypoxia inducible factors,3091
"Phosphatidylinositol 3-kinase regulatory subunit beta/Phosphatidylinositol 4,5-bisphosphate 3-kinase catalytic subunit beta isoform",5291;5296
Coiled-coil domain-containing protein 6/Tyrosine-protein kinase receptor RET,5979
Monoacylglycerol lipase ABHD6,57406?
Human immunodeficiency virus type 1 protease,904
Voltage-gated calcium channel alpha2/delta subunit 1,55799;781
PI3-kinase p110-alpha/p85-alpha,5290;5295
Voltage-activated calcium channel beta 1 subunit,782
Bifunctional dihydrofolate reductase-thymidylate synthase,1719
Histone deacetylase 1/3/5/8,55869;3065;8841;10014
Sodium/potassium-transporting ATPase alpha-1 chain,476
Retinoic acid receptor RXR-alpha/oxysterols receptor LXR-beta,6256;7376
Cytochrome P450 2D2,25053
"Interleukin-8 receptors, CXCR1/CXCR2",3577;3579
Cytochrome P450 3A,1574;1576
TCF4-CTNNB1 complex,6925;1499
GRIN1/GRIN2A,2902;2903
TPR/MET fusion protein,4233
Serine/threonine-protein kinase RAF and Dual specificity mitogen-activated protein kinase kinase 1 (Raf/MEK),673;5604
Cyclin-dependent kinase 1/ G1/S-specific cyclin-D3,983;896
JAK1/JAK2/TYK2,3716;3717;7297
CDK7/Cyclin H/MNAT1,1022;902;4331
Neuronal acetylcholine receptor subunit alpha-6/beta-3,8973
Histone-lysine N-methyltransferase EHMT1/EHMT2,79813;10919
Sodium/potassium-transporting ATPase subunit alpha-2/alpha-3,477;478
Proto-oncogene tyrosine-protein kinase receptor Ret /Nuclear receptor coactivator 4 fusion protein,5979;8031
Na+/K+ ATPase alpha-2/beta-1,477;481
CDK6/cyclin D2,1021;894
Angiotensin II type 2 (AT-2) receptor,186
Thyroid hormone receptor beta-1,7068
Cereblon/Ikaros,51185;10320
P2X2/P2X3 heterotrimeric receptor,22953;5024
Cacna1b/Cacnb3,774;784
p38 MAP kinase alpha/beta,1432;5600
Serine/threonine-protein kinase VRK2,7444
Integrin alpha-IIb/beta-3,3674;3690
Histone deacetylase 3/NCoR1,8841;9611
Muscarinic acetylcholine receptor M1/M5 chimeric protein,1128;1133
Tyrosine-protein kinase JAK1/JAK3,3716;3718
TCF4/beta-catenin,6925
"Sulfonylurea receptor 2, Kir6.2",3736;6833
"Protoporphyrinogen oxidase, mitochondrial",5498
MAP kinase-interacting serine/threonine-protein kinase 1/2,8569;2872
MEK1/2,5604;5605
Histone deacetylase 3/Nuclear receptor corepressor 2 (HDAC3/NCoR2),8841;9612;8841
Cyclin-dependent kinase 4/cyclin D1,1019;595
Transforming protein p21/H-Ras-1,3265
Dopamine receptor D2 and D3,1813;1814
ERK1/ERK2,5595;5594
Dual specificity protein kinase CLK4,57396
Voltage-activated calcium channel beta 2 subunit,783
Lysine-specific demethylase 4D-like,55693
HDAC1/REST corepressor 3,3065;55758
EZH1/SUZ12/EED/AEBP2/RBBP4 complex,2145;23512;8726;121536;5928
Tyrosine-protein kinase JAK1/JAK2,3716;3717
DNA polymerase (alpha/delta/epsilon),5422;5424;5426
Adrenergic receptor alpha-1,146;147
Histone deacetylase HD1B,3065
Peroxisome proliferator-activated receptor gamma/Nuclear receptor coactivator 1,5468;8648
PI4-kinase beta subunit,5298
"Hepatitis C virus serine protease, NS3/NS4A",3845
Aurora kinase B/Inner centromere protein,9212;3619
CREB-binding protein/Histone acetyltransferase p300,1387;2033
MAP kinase ERK1,5595
JAK2/JAK1,3717;3716
Cyclin-dependent kinase 1/cyclin B1,983;891
CDK6/cyclin D1,1021;595
Cyclin-C/Cyclin-dependent kinase 19,892;23097
Friend leukemia integration 1 transcription factor (Proto-oncogene Fli-1)/RNA-binding protein EWS,2313;2130
Protoporphyrinogen IX oxidase,5498
Melatonin receptor 1C,4543;4544
Thymidylate synthase/GAR transformylase/AICAR transformylase,7298;2618;471
